path,line,signature
keras/utils/data_utils.py,11,
keras/utils/data_utils.py,556,keras.utils.data_utils$OrderedEnqueuer.get(self)
keras/utils/data_utils.py,614,"keras.utils.data_utils$GeneratorEnqueuer.__init__(self,generator,use_multiprocessing,wait_time,seed)"
keras/utils/data_utils.py,634,"keras.utils.data_utils$GeneratorEnqueuer.start(self,workers,max_queue_size)"
keras/utils/data_utils.py,639,"keras.utils.data_utils$GeneratorEnqueuer.start(self,workers,max_queue_size)"
keras/utils/data_utils.py,641,"keras.utils.data_utils$GeneratorEnqueuer.start(self,workers,max_queue_size)"
keras/utils/data_utils.py,645,"keras.utils.data_utils$GeneratorEnqueuer.start(self,workers,max_queue_size)"
keras/utils/data_utils.py,689,"keras.utils.data_utils$GeneratorEnqueuer.stop(self,timeout)"
keras/utils/data_utils.py,690,"keras.utils.data_utils$GeneratorEnqueuer.stop(self,timeout)"
keras/utils/data_utils.py,691,"keras.utils.data_utils$GeneratorEnqueuer.stop(self,timeout)"
keras/utils/data_utils.py,707,keras.utils.data_utils$GeneratorEnqueuer.get(self)
keras/utils/data_utils.py,708,keras.utils.data_utils$GeneratorEnqueuer.get(self)
keras/utils/data_utils.py,709,keras.utils.data_utils$GeneratorEnqueuer.get(self)
tests/test_multiprocessing.py,235,
tests/test_multiprocessing.py,244,
tests/test_multiprocessing.py,250,
tests/test_multiprocessing.py,266,
tests/test_multiprocessing.py,273,
tests/test_multiprocessing.py,275,
tests/test_multiprocessing.py,276,
tests/test_multiprocessing.py,279,
tests/test_multiprocessing.py,302,
tests/test_multiprocessing.py,308,
