phase,base_model,MAR@m1,MAR@m2,MAR@m3,d(m2-m1),d(m3-m2),monotone better
P,m1,2.7566840277777778,2.704282407407407,3.113237847222222,-0.05240162037037077,0.40895543981481497,False
P,m2,1.678515625,1.6132667824074072,1.5772424768518516,-0.06524884259259278,-0.03602430555555558,True
P,m3,1.4470341435185183,1.4815393518518518,1.490379050925926,0.03450520833333348,0.008839699074074225,False
T,m1,2.7566840277777778,2.4871093749999997,2.5234230324074076,-0.26957465277777803,0.036313657407407884,False
T,m2,1.643070023148148,1.6132667824074072,1.6006799768518516,-0.02980324074074092,-0.01258680555555558,True
T,m3,1.6216001157407407,1.4709924768518519,1.490379050925926,-0.15060763888888884,0.01938657407407418,False
F,m1,2.7566840277777778,1.7324797453703704,1.5409288194444446,-1.0242042824074074,-0.19155092592592582,True
F,m2,2.6410445601851853,1.6132667824074072,1.4439380787037035,-1.0277777777777781,-0.16932870370370368,True
F,m3,2.7834924768518516,1.556987847222222,1.490379050925926,-1.2265046296296296,-0.06660879629629601,True
